codon,protein1,protein3,codon_counts,protein_counts
CTT,L,Leu,36969,281010
ATG,M,Met,61057,61057
ACA,T,Thr,51798,170219
ACG,T,Thr,23982,170219
ATC,I,Ile,49094,191381
ATA,I,Ile,53841,191381
AGG,R,Arg,28020,130244
CCT,P,Pro,38941,125783
AGC,S,Ser,29642,263057
AGA,R,Arg,61208,130244
ATT,I,Ile,88446,191381
CTG,L,Leu,31703,281010
CTA,L,Leu,39393,281010
CTC,L,Leu,16801,281010
CCG,P,Pro,15538,125783
AGT,S,Ser,42680,263057
CCA,P,Pro,51046,125783
CCC,P,Pro,20258,125783
TAT,Y,Tyr,55654,97696
GGT,G,Gly,65720,145547
CGA,R,Arg,9151,130244
CGC,R,Arg,7918,130244
CGG,R,Arg,5641,130244
GGG,G,Gly,18168,145547
GGA,G,Gly,32779,145547
GGC,G,Gly,28880,145547
TAC,Y,Tyr,42042,97696
CGT,R,Arg,18306,130244
GTA,V,Val,35748,163969
GTC,V,Val,32925,163969
GTG,V,Val,32143,163969
GAG,E,Glu,56930,188978
GTT,V,Val,63153,163969
GAC,D,Asp,58078,167835
AAG,K,Lys,88653,212102
AAA,K,Lys,123449,212102
AAC,N,Asn,71012,176635
ACT,T,Thr,58292,170219
CAT,H,His,40077,62347
AAT,N,Asn,105623,176635
CAC,H,His,22270,62347
CAA,Q,Gln,77278,113195
CAG,Q,Gln,35917,113195
TGT,C,Cys,24113,38839
TCT,S,Ser,68480,263057
GAT,D,Asp,109757,167835
TTT,F,Phe,79149,133094
TGC,C,Cys,14726,38839
TGG,W,Trp,30566,30566
TTC,F,Phe,53945,133094
TCG,S,Ser,25762,263057
TTA,L,Leu,77584,281010
TTG,L,Leu,78560,281010
TCC,S,Ser,41295,263057
GAA,E,Glu,132048,188978
TCA,S,Ser,55198,263057
GCA,A,Ala,47400,160384
GCC,A,Ala,35734,160384
GCG,A,Ala,18449,160384
GCT,A,Ala,58801,160384
ACC,T,Thr,36147,170219
TAA,*,STOP,3138,6729
TAG,*,STOP,1511,6729
TGA,*,STOP,2080,6729
