Triplet,Amino acid,Fraction,Frequency/ Thousand,Number,codon,protein1,protein3,codon_counts,protein_counts,protein1_counts,codon_frequency,Fraction_self_count,Frequency_self_count/ Thousand
AAA,K,0.58,42.2,239186,AAA,K,Lys,123449,212102,212102,0.0422674,0.582026572,42.26739988
AAC,N,0.41,24.9,141103,AAC,N,Asn,71012,176635,176635,0.024313624,0.402026778,24.31362425
AAG,K,0.42,30.8,174250,AAG,K,Lys,88653,212102,212102,0.030353683,0.417973428,30.35368291
AAT,N,0.59,36,204015,AAT,N,Asn,105623,176635,176635,0.036164,0.597973222,36.16399952
ACA,T,0.3,17.8,100680,ACA,T,Thr,51798,170219,170219,0.01773499,0.304302105,17.73498999
ACC,T,0.22,12.6,71204,ACC,T,Thr,36147,170219,170219,0.012376283,0.212355847,12.37628254
ACG,T,0.13,7.9,44995,ACG,T,Thr,23982,170219,170219,0.008211138,0.14088909,8.211138072
ACT,T,0.35,20.3,114746,ACT,T,Thr,58292,170219,170219,0.019958455,0.342452958,19.9584547
AGA,R,0.48,21.3,120587,AGA,R,Arg,61208,130244,130244,0.020956857,0.469948712,20.95685677
AGC,S,0.11,9.7,54825,AGC,S,Ser,29642,263057,263057,0.010149052,0.112682803,10.14905157
AGG,R,0.21,9.2,52322,AGG,R,Arg,28020,130244,130244,0.009593699,0.21513467,9.593698974
AGT,S,0.16,14.2,80293,AGT,S,Ser,42680,263057,263057,0.0146131,0.162246205,14.61310036
ATA,I,0.27,17.8,100930,ATA,I,Ile,53841,191381,191381,0.018434488,0.281328868,18.43448774
ATC,I,0.26,17.1,96735,ATC,I,Ile,49094,191381,191381,0.016809174,0.256524942,16.80917407
ATG,M,1,20.9,118274,ATG,M,Met,61057,61057,61057,0.020905156,1,20.90515625
ATT,I,0.46,30.2,171272,ATT,I,Ile,88446,191381,191381,0.030282809,0.46214619,30.28280869
CAA,Q,0.69,27.5,155751,CAA,Q,Gln,77278,113195,113195,0.026459025,0.682697999,26.4590246
CAC,H,0.36,7.8,44082,CAC,H,His,22270,62347,62347,0.007624971,0.357194412,7.624970597
CAG,Q,0.31,12.2,68932,CAG,Q,Gln,35917,113195,113195,0.012297533,0.317302001,12.29753341
CAT,H,0.64,13.7,77724,CAT,H,His,40077,62347,62347,0.013721866,0.642805588,13.72186559
CCA,P,0.41,18.2,103062,CCA,P,Pro,51046,125783,125783,0.017477515,0.405825907,17.47751455
CCC,P,0.15,6.8,38414,CCC,P,Pro,20258,125783,125783,0.006936087,0.161055151,6.93608686
CCG,P,0.12,5.3,29916,CCG,P,Pro,15538,125783,125783,0.005320018,0.123530207,5.320017654
CCT,P,0.31,13.6,77061,CCT,P,Pro,38941,125783,125783,0.013332913,0.309588736,13.33291334
CGA,R,0.07,3,17111,CGA,R,Arg,9151,130244,130244,0.003133188,0.070260434,3.133188412
CGC,R,0.06,2.6,14645,CGC,R,Arg,7918,130244,130244,0.002711025,0.060793587,2.711024571
CGG,R,0.04,1.7,9872,CGG,R,Arg,5641,130244,130244,0.001931408,0.043311016,1.931408134
CGT,R,0.15,6.5,36693,CGT,R,Arg,18306,130244,130244,0.006267746,0.14055158,6.267746374
CTA,L,0.14,13.4,75775,CTA,L,Leu,39393,281010,281010,0.013487673,0.140183623,13.48767251
CTC,L,0.06,5.4,30501,CTC,L,Leu,16801,281010,281010,0.005752453,0.059787908,5.752453121
CTG,L,0.11,10.4,59027,CTG,L,Leu,31703,281010,281010,0.010854712,0.112818049,10.8547123
CTT,L,0.13,12.2,68959,CTT,L,Leu,36969,281010,281010,0.012657725,0.131557596,12.6577251
GAA,E,0.71,45.9,260082,GAA,E,Glu,132048,188978,188978,0.04521159,0.698748002,45.21159037
GAC,D,0.35,20.3,114918,GAC,D,Asp,58078,167835,167835,0.019885184,0.346042244,19.88518376
GAG,E,0.29,19.1,108411,GAG,E,Glu,56930,188978,188978,0.019492123,0.301251998,19.49212286
GAT,D,0.65,37.8,214363,GAT,D,Asp,109757,167835,167835,0.03757943,0.653957756,37.57942963
GCA,A,0.29,16.2,91502,GCA,A,Ala,47400,160384,160384,0.01622917,0.295540702,16.22916957
GCC,A,0.22,12.5,71065,GCC,A,Ala,35734,160384,160384,0.012234876,0.222802773,12.23487649
GCG,A,0.11,6.1,34754,GCG,A,Ala,18449,160384,160384,0.006316708,0.115030178,6.316707793
GCT,A,0.38,21.1,119402,GCT,A,Ala,58801,160384,160384,0.02013273,0.366626347,20.13272996
GGA,G,0.22,10.9,61825,GGA,G,Gly,32779,145547,145547,0.011223121,0.225212474,11.22312129
GGC,G,0.19,9.7,54977,GGC,G,Gly,28880,145547,145547,0.009888152,0.198423877,9.888152261
GGG,G,0.12,6,33885,GGG,G,Gly,18168,145547,145547,0.006220497,0.124825658,6.220496893
GGT,G,0.47,23.9,135417,GGT,G,Gly,65720,145547,145547,0.022501709,0.451537991,22.50170937
GTA,V,0.21,11.8,66649,GTA,V,Val,35748,163969,163969,0.01223967,0.21801682,12.23966991
GTC,V,0.21,11.6,65664,GTC,V,Val,32925,163969,163969,0.01127311,0.200800151,11.27310988
GTG,V,0.19,10.6,60286,GTG,V,Val,32143,163969,163969,0.011005363,0.196030957,11.00536282
GTT,V,0.39,22,124665,GTT,V,Val,63153,163969,163969,0.021622801,0.385152071,21.62280055
TAA,*,0.48,1,5596,TAA,*,STOP,3138,6729,6729,0.001074412,0.466339724,1.074412112
TAC,Y,0.44,14.7,83100,TAC,Y,Tyr,42042,97696,97696,0.014394657,0.430334916,14.39465711
TAG,*,0.24,0.5,2681,TAG,*,STOP,1511,6729,6729,0.000517348,0.224550453,0.517347578
TAT,Y,0.56,18.8,106420,TAT,Y,Tyr,55654,97696,97696,0.019055236,0.569665084,19.05523636
TCA,S,0.21,18.8,106266,TCA,S,Ser,55198,263057,263057,0.018899108,0.20983285,18.89910764
TCC,S,0.16,14.2,80612,TCC,S,Ser,41295,263057,263057,0.014138894,0.156981187,14.13889362
TCG,S,0.1,8.6,48524,TCG,S,Ser,25762,263057,263057,0.008820588,0.097933148,8.8205879
TCT,S,0.26,23.6,133502,TCT,S,Ser,68480,263057,263057,0.023446699,0.260323808,23.44669899
TGA,*,0.29,0.6,3516,TGA,*,STOP,2080,6729,6729,0.000712166,0.309109823,0.712166091
TGC,C,0.37,4.7,26520,TGC,C,Cys,14726,38839,38839,0.005041999,0.379154973,5.041998968
TGG,W,1,10.3,58416,TGG,W,Trp,30566,30566,30566,0.010465418,1,10.46541766
TGT,C,0.63,8,45222,TGT,C,Cys,24113,38839,38839,0.008255991,0.620845027,8.25599084
TTA,L,0.28,26.4,149466,TTA,L,Leu,77584,281010,281010,0.026563795,0.276089819,26.56379519
TTC,F,0.41,18.2,103110,TTC,F,Phe,53945,133094,133094,0.018470096,0.40531504,18.47009604
TTG,L,0.29,27.1,153307,TTG,L,Leu,78560,281010,281010,0.026897965,0.279563005,26.89796543
TTT,F,0.59,26.1,147662,TTT,F,Phe,79149,133094,133094,0.027099632,0.59468496,27.09963169
